filename	ns	tau	n	tp	fp	fn	pr	rc	cov	mi	ru	f	s	pr_micro	rc_micro	f_micro	n_w	tp_w	fp_w	fn_w	pr_w	rc_w	cov_w	mi_w	ru_w	f_w	s_w	pr_micro_w	rc_micro_w	f_micro_w
naive_1306.tsv	biological_process	0.01	1.0	0.0	0.019169329073482427	7.565495207667731	0.0	0.0	0.0003549875754348598	0.019169329073482427	7.565495207667731	0.0	7.565519493096329	0.0	0.0	0.0	1.0	0.0	0.0105734057916874	9.492767916214092	0.0	0.0	0.0003551136363636364	0.0105734057916874	9.492767916214092	0.0	9.492773804742935	0.0	0.0	0.0
naive_1306.tsv	biological_process	0.02	1.0	0.0	0.008164714235001775	7.565495207667731	0.0	0.0	0.0003549875754348598	0.008164714235001775	7.565495207667731	0.0	7.5654996133634125	0.0	0.0	0.0	1.0	0.0	0.0018562119878683366	9.492767916214092	0.0	0.0	0.0003551136363636364	0.0018562119878683366	9.492767916214092	0.0	9.49276809769556	0.0	0.0	0.0
naive_1306.tsv	biological_process	0.03	1.0	0.0	0.0003549875754348598	7.565495207667731	0.0	0.0	0.0003549875754348598	0.0003549875754348598	7.565495207667731	0.0	7.565495215996081	0.0	0.0	0.0	1.0	0.0	1.5147619764449258e-05	9.492767916214092	0.0	0.0	0.0003551136363636364	1.5147619764449258e-05	9.492767916214092	0.0	9.492767916226176	0.0	0.0	0.0
