filename	ns	tau	n	tp	fp	fn	pr	rc	cov	mi	ru	f	s	pr_micro	rc_micro	f_micro	n_w	tp_w	fp_w	fn_w	pr_w	rc_w	cov_w	mi_w	ru_w	f_w	s_w	pr_micro_w	rc_micro_w	f_micro_w	cov_max
naive_1306.tsv	biological_process	0.03	1.0	0.0	0.0003549875754348598	7.565495207667731	0.0	0.0	0.0003549875754348598	0.0003549875754348598	7.565495207667731	0.0	7.565495215996081	0.0	0.0	0.0	1.0	0.0	1.5147619764449258e-05	9.492767916214092	0.0	0.0	0.0003551136363636364	1.5147619764449258e-05	9.492767916214092	0.0	9.492767916226176	0.0	0.0	0.0	0.0003549875754348598
